Hour,A1_Negative_Control,A2_L-Arabinose,A3_N-Acetyl-D_Glucosamine,A4_D-Saccharic_Acid,A5_Succinic_Acid,A6_D-Galactose,A7_L-Aspartic_Acid,A8_L-Proline,A9_D-Alanine,A10_D-Trehalose,A11_D-Mannose,A12_Dulcitol,B1_D-Serine,B2_D-Sorbitol,B3_Glycerol,B4_L-Fucose,B5_D-Glucuronic_Acid,B6_D-Gluconic_Acid,B7_D-L-a-Glycerol_Phosphate,B8_D-Xylose,B9_L-Lactic_Acid,B10_Formic_Acid,B11_D-Mannitol,B12_L-Glutamic_Acid,C1_D-Glucose-6-Phosphate,C2_D-GalactonicAcid-g-Lactone,C3_D-L-Malic_Acid,C4_D-Ribose,C5_Tween_20,C6_L-Rhamnose,C7_D-Fructose,C8_Acetic_Acid,C9_a-D-Glucose,C10_Maltose,C11_D-Melibiose,C12_Thymidine,D-1_L-Asparagine,D2_D-Aspartic_Acid,D3_D-Glucosaminic_Acid,D4_1-2-Propanediol,D5_Tween_40,D6_a-Keto-Glutaric_Acid,D7_a-Keto-Butyric_Acid,D8_a-Methyl-D_Galactoside,D9_a-D-Lactose,D10_Lactulose,D11_Sucrose,D12_Uridine,E1_L-Glutamine,E2_m-Tartaric_Acid,E3_D-Glucose-1-Phosphate,E4_D-Fructose-6-Phosphate,E5_Tween_80,E6_a-Hydroxy_Glutaric_Acid-g_Lactone,E7_a-Hydroxy_Butyric_Acid,E8_B-Methyl-D_Glucoside,E9_Adonitol,E10_Maltotriose,E11_2-DeoxyAdenosine,E12_Adenosine,F1_Glycyl-L-Aspartic_Acid,F2_Citric_Acid,F3_myo-Inositol,F4_D-Threonine,F5_Fumaric_Acid,F6_Bromo_Succinic_Acid,F7_Propionic_Acid,F8_Mucic_Acid,F9_Glycolic_Acid,F10_Glyoxylic_Acid,F11_D-Cellobiose,F12_Inosine,G1_Glycyl-L-Glutamic_Acid,G2_Tricarballylic_Acid,G3_L-Serine,G4_L-Threonine,G5_L-Alanine,G6_L-Alanyl-Glycine,G7_Acetoacetic_Acid,G8_N-Acetyl-B-D_Mannosamine,G9_Mono_Methyl_Succinate,G10_Methyl_Pyruvate,G11_D-Malic_Acid,G12_L-Malic_Acid,H1_Glycyl-L-Proline,H2_p-Hydroxy_Phenyl_AceticAcid,H3_m-Hydroxy_Phenyl_AceticAcid,H4_Tyramine,H5_D-Psicose,H6_L-Lyxose,H7_Glucuronamide,H8_Pyruvic_Acid,H9_L-Galactonic_Acid-g-Lactone,H10_D-GalacturonicAcid,H11_Phenylethylamine,H12_2-Aminoethanol
0,18,46,21,21,11,11,11,11,11,11,14,29,19,11,18,11,11,11,33,65,11,11,15,21,52,11,12,67,11,13,11,11,11,17,36,17,21,39,36,11,13,11,11,16,11,20,21,48,17,11,29,38,11,11,21,38,13,11,11,19,39,47,17,38,13,13,23,11,18,11,17,38,69,51,15,41,19,44,12,32,39,18,17,30,24,34,47,43,45,113,22,24,62,50,29,48
0.25,17,49,11,20,11,11,11,11,12,11,13,16,19,11,11,11,11,11,11,63,11,11,16,19,32,11,11,69,11,19,11,11,11,11,11,16,32,36,45,20,11,11,11,11,11,11,11,12,15,15,24,40,11,11,11,11,11,11,11,17,17,30,14,32,11,11,20,11,15,11,18,28,28,21,13,12,11,11,11,12,12,22,14,22,23,27,29,16,24,121,17,17,38,17,24,73
0.5,16,52,11,11,11,11,11,11,11,11,16,22,17,15,11,11,11,11,11,66,11,11,16,18,25,11,11,72,11,21,11,16,11,11,11,18,21,17,34,22,11,11,11,11,11,13,11,17,25,18,14,14,11,11,21,11,11,11,13,20,19,15,11,30,13,11,14,11,22,13,16,26,29,19,13,16,13,12,15,13,12,19,23,25,27,27,17,19,35,125,14,22,18,19,29,25
0.75,22,53,11,14,11,14,11,11,11,11,15,24,21,11,11,12,11,11,11,69,11,11,13,20,27,11,11,79,11,13,11,12,11,11,13,21,20,15,26,26,11,11,11,11,11,11,11,18,15,11,17,15,11,11,24,11,16,11,11,20,15,12,14,15,15,12,17,12,20,12,18,26,32,20,20,17,16,16,18,14,16,18,22,30,25,33,19,17,32,123,20,20,23,27,32,30
1,22,59,11,11,11,11,11,11,13,11,14,20,22,12,11,11,11,11,11,70,11,11,17,18,21,11,11,79,11,12,11,15,11,11,15,19,24,20,19,25,11,11,11,11,11,11,11,18,18,11,14,14,11,11,19,11,15,11,14,18,22,13,14,17,20,13,19,11,15,15,18,26,27,26,18,16,13,16,16,18,19,18,16,29,24,28,16,13,35,123,22,17,26,28,31,29
1.25,18,58,11,11,11,11,11,11,11,11,11,18,23,11,11,11,11,11,11,70,11,11,17,17,19,11,11,77,11,11,11,12,11,11,11,17,25,14,14,23,11,11,11,11,11,11,11,13,21,11,13,12,11,11,16,11,17,11,11,19,23,13,12,11,20,11,13,11,12,13,20,27,31,20,14,13,13,18,15,11,15,15,18,27,24,32,14,14,30,129,17,18,27,19,31,26
1.5,22,59,11,14,11,11,11,11,16,11,16,25,14,11,11,11,11,11,11,72,11,11,21,20,20,11,11,74,11,15,13,14,13,11,12,24,21,18,18,22,13,11,11,11,12,11,13,20,16,14,17,15,16,11,17,11,16,16,15,23,23,17,14,18,20,13,18,11,18,15,23,29,24,20,16,15,18,15,13,24,16,17,18,30,22,32,20,18,34,130,22,23,24,21,32,21
1.75,19,54,11,13,11,11,11,11,11,11,15,19,18,11,11,11,11,11,11,70,11,11,15,20,21,11,11,78,11,11,11,12,11,11,14,23,20,11,19,19,11,11,11,11,11,11,11,15,16,11,14,15,12,11,18,11,16,12,14,18,21,15,16,15,17,12,12,11,14,11,24,26,33,17,18,11,17,14,15,17,18,19,20,24,27,31,23,18,40,129,19,17,27,23,31,26
2,18,59,11,11,11,11,11,11,11,11,13,21,23,11,11,11,11,11,11,76,11,11,17,19,20,11,15,78,11,11,11,11,12,12,12,21,24,18,11,27,11,11,11,11,11,11,12,18,18,11,15,14,11,11,24,11,16,11,15,24,18,11,15,18,17,12,16,11,16,16,24,28,31,24,22,13,17,14,18,23,13,22,22,29,27,31,22,19,36,132,20,20,22,29,39,30
2.25,19,57,11,11,11,11,11,11,12,11,15,19,26,12,12,11,11,11,11,73,11,11,15,18,19,11,11,79,11,11,11,11,11,12,12,20,24,15,14,24,11,11,11,11,11,11,11,18,22,11,14,17,11,11,21,11,15,11,15,21,19,13,12,14,19,11,15,11,15,11,19,27,28,22,16,11,15,16,13,16,14,21,16,25,26,29,15,15,35,128,20,15,20,26,36,26
2.5,20,59,11,11,11,11,11,11,11,11,11,19,23,11,11,11,11,11,11,77,11,11,14,20,17,11,11,84,11,12,11,11,11,11,11,16,22,16,16,20,11,11,11,11,11,11,11,17,15,11,15,15,11,11,17,11,14,11,16,20,19,13,15,18,16,11,16,11,12,11,20,28,26,20,18,15,18,13,16,15,16,19,22,26,26,33,21,18,33,132,22,18,26,28,37,31
2.75,23,59,11,11,11,11,11,11,11,11,12,23,15,11,11,11,11,11,11,75,11,11,14,18,20,11,11,76,11,11,11,14,12,11,13,22,17,14,15,21,11,11,11,11,11,11,11,18,11,11,15,11,11,11,21,11,12,14,14,19,18,14,15,16,14,11,18,11,16,16,18,32,26,22,15,14,16,11,11,21,11,18,18,29,24,28,25,16,34,132,20,21,24,23,30,24
3,19,63,11,13,11,11,11,11,11,11,18,26,16,16,11,11,11,11,11,79,11,11,17,22,20,11,11,84,11,11,11,14,12,11,14,20,19,17,19,22,11,11,11,11,12,11,11,22,14,12,18,15,11,11,18,11,13,11,15,23,14,16,14,14,15,11,20,11,19,12,18,31,27,20,17,16,14,12,13,23,17,21,18,28,24,28,18,17,31,132,25,25,27,27,27,31
3.25,20,62,12,11,11,11,11,11,12,11,13,20,19,13,11,11,11,12,11,74,11,11,13,23,23,12,11,81,11,15,11,16,11,13,13,20,24,18,18,20,11,11,11,11,11,11,11,16,19,12,16,13,12,11,12,11,17,11,13,22,17,18,17,16,16,15,12,11,17,14,19,24,29,25,17,14,19,12,18,19,15,20,21,27,31,37,25,22,35,130,24,25,27,23,30,26
3.5,25,63,11,15,11,11,11,11,11,11,16,21,18,14,11,11,11,11,11,82,11,11,16,21,21,11,11,81,11,11,11,15,14,12,16,21,18,17,24,18,11,11,11,11,14,11,11,21,11,11,16,11,15,11,16,11,18,11,15,23,22,17,17,17,17,16,15,13,17,14,22,32,28,19,18,19,15,14,11,23,13,19,20,29,25,29,20,19,31,133,20,23,23,26,32,29
3.75,22,62,11,11,11,11,11,11,12,11,17,24,29,16,11,11,11,11,11,79,11,11,14,19,27,12,13,83,11,15,11,17,13,11,15,16,28,16,20,21,11,11,11,15,12,11,11,15,20,13,19,15,11,11,19,11,20,11,17,20,25,18,18,22,15,12,13,12,17,16,19,28,29,25,20,17,21,18,19,23,16,23,21,32,32,37,31,21,34,134,26,25,27,26,37,32
4,28,63,11,18,12,11,11,11,15,11,14,21,16,17,11,13,11,11,11,79,12,11,12,19,19,11,11,83,11,12,11,14,11,11,12,24,24,13,21,18,11,11,11,11,12,11,11,20,12,11,18,12,16,11,11,11,16,12,12,22,21,20,11,16,17,14,17,11,18,15,21,30,30,21,21,19,18,13,12,21,16,19,20,30,29,32,23,24,28,132,22,24,25,21,29,29
4.25,27,65,11,17,11,11,11,11,17,11,18,27,20,16,11,15,12,12,12,81,14,11,19,24,29,17,15,87,14,17,11,21,18,11,18,23,26,25,25,19,12,12,13,11,13,11,15,22,17,14,21,16,18,13,16,11,19,14,16,24,19,24,22,22,23,15,20,15,20,20,24,41,32,34,25,17,24,15,19,24,22,20,24,36,26,31,27,25,32,135,27,23,29,29,36,34
4.5,26,60,11,21,13,11,11,11,17,11,15,23,20,16,11,11,11,12,11,77,14,11,13,25,26,12,14,86,11,16,12,21,20,11,13,23,27,20,24,13,14,11,11,14,13,11,12,23,13,14,20,14,15,11,15,11,18,13,16,21,21,20,17,19,23,17,20,12,23,11,23,36,32,25,19,16,20,18,14,23,19,24,22,34,31,33,25,21,30,136,21,28,29,27,32,31
4.75,22,60,16,19,11,11,12,12,11,11,18,26,19,22,11,16,14,12,11,80,14,11,21,22,32,16,11,87,11,25,13,21,20,14,18,23,29,23,21,19,12,17,13,17,12,12,13,24,18,17,24,18,12,13,13,14,23,21,17,27,25,22,22,22,23,19,25,18,26,16,22,41,35,29,22,26,18,20,17,25,17,22,22,32,30,33,30,20,38,135,21,26,26,28,31,35
5,25,63,12,20,14,11,16,12,17,11,22,25,18,25,12,21,14,19,11,79,18,11,24,29,29,18,16,88,11,22,15,21,21,13,17,21,37,24,24,19,13,17,14,14,12,13,16,25,22,17,26,14,18,16,20,12,22,17,19,29,22,28,18,25,26,25,25,17,22,18,26,35,39,30,24,24,26,17,19,27,20,24,24,38,33,37,32,27,34,139,30,29,30,30,34,34
5.25,25,64,19,17,14,15,17,11,16,11,23,29,18,24,11,17,12,19,12,81,17,11,23,26,31,17,17,85,12,23,14,21,25,14,16,23,33,26,25,19,15,16,16,15,16,15,16,27,24,18,26,17,21,15,22,16,22,22,21,30,29,28,23,25,25,22,26,15,21,19,24,39,37,31,29,24,28,20,19,28,23,28,22,39,37,34,34,27,35,139,29,32,32,32,32,34
5.5,28,59,11,17,16,18,11,11,15,11,22,31,22,21,15,18,11,16,11,77,14,11,20,27,29,16,18,86,11,23,11,17,17,11,20,27,40,23,27,17,13,12,15,14,13,14,11,23,28,11,23,12,19,11,16,12,22,17,19,32,30,32,17,20,22,17,21,11,19,13,28,35,38,31,22,20,25,20,23,27,24,24,21,38,37,35,30,24,34,135,24,28,32,31,34,35
5.75,30,64,24,23,20,18,16,11,17,11,20,27,20,22,12,15,12,20,15,81,13,11,25,30,30,14,19,87,11,23,13,20,25,13,16,29,32,22,30,18,18,18,15,13,18,11,18,28,26,15,22,15,21,18,17,19,20,22,21,32,30,29,22,25,28,28,20,15,25,14,30,41,38,31,23,25,21,19,16,30,23,25,26,40,40,35,33,32,31,138,31,33,32,33,28,35
6,30,66,25,27,25,19,16,11,18,11,20,32,17,28,13,19,11,18,11,77,15,14,26,32,35,16,15,91,11,25,14,24,24,12,21,26,35,21,34,15,19,15,13,16,20,12,11,28,32,15,25,14,21,12,18,18,22,18,22,34,32,30,23,24,30,24,24,17,25,16,29,42,41,30,24,19,24,22,25,28,28,29,26,43,42,36,32,30,36,141,28,34,32,33,29,38
6.25,32,65,25,26,24,17,15,12,17,11,25,30,17,30,14,16,12,22,13,79,18,14,26,31,33,14,17,88,11,28,14,23,26,12,24,28,31,21,35,20,18,19,16,22,19,15,20,26,30,17,29,17,18,19,21,17,23,22,19,34,29,27,24,23,33,30,21,15,25,18,33,43,45,29,27,26,28,21,24,27,28,32,29,45,38,38,32,32,35,139,32,37,37,33,32,35
6.5,26,64,21,30,28,20,17,16,15,16,23,32,24,28,16,22,13,24,11,80,19,13,23,30,37,17,15,85,11,32,14,25,30,14,20,29,39,24,41,23,18,20,17,14,19,13,18,31,31,14,27,14,20,17,21,16,26,26,25,38,33,38,24,20,32,27,25,13,21,18,31,44,45,31,27,24,26,24,27,30,32,29,24,46,39,38,37,27,30,140,32,30,37,44,33,34
6.75,33,66,29,24,29,23,17,13,16,12,28,36,18,28,18,23,15,29,16,82,17,14,27,30,35,18,20,93,12,34,20,27,29,18,23,32,38,28,44,24,23,22,21,21,24,16,17,31,32,15,29,23,22,19,22,20,25,29,24,42,39,34,29,28,36,36,28,24,31,18,37,49,43,35,32,31,28,28,26,32,33,33,29,44,48,43,37,31,40,142,34,36,41,33,36,39
7,36,66,37,38,32,26,22,17,20,13,30,33,22,30,21,21,17,29,19,82,19,14,36,41,41,18,22,94,11,38,18,28,34,19,21,34,39,21,48,26,28,26,22,24,23,17,20,33,35,19,32,21,28,20,25,22,30,28,27,44,37,33,32,29,42,34,30,24,29,20,40,48,52,36,26,28,33,31,31,35,34,36,28,52,47,40,38,34,40,145,41,40,43,46,35,39
7.25,30,67,29,30,33,30,18,20,16,12,29,36,21,35,21,24,15,32,18,83,22,13,34,35,37,18,23,89,15,42,22,22,31,20,25,28,39,26,51,28,28,21,24,21,26,20,18,29,41,13,30,20,26,18,24,18,26,29,28,47,35,43,32,25,43,37,29,26,30,20,43,52,48,37,34,26,31,32,33,37,41,35,30,55,48,44,41,37,38,143,37,37,45,43,39,39
7.5,32,64,37,32,33,27,21,21,21,14,34,37,18,27,20,21,13,33,19,85,20,17,37,43,41,20,25,92,14,40,21,28,35,16,24,29,35,25,51,28,32,25,23,21,24,21,25,35,35,18,34,20,30,22,25,19,27,39,28,48,35,42,29,27,43,40,34,25,37,20,37,47,53,35,31,34,31,33,35,39,38,35,32,52,54,41,40,36,41,143,37,40,43,41,38,42
7.75,34,66,39,36,44,27,22,22,21,11,33,32,17,32,21,24,17,36,15,78,21,16,33,43,39,16,30,90,12,40,21,25,37,19,25,34,40,22,58,26,29,28,26,21,25,20,24,29,43,19,34,25,28,23,25,21,24,35,31,51,35,42,31,24,47,40,32,20,30,18,41,50,51,35,29,30,33,34,39,35,43,40,30,59,61,42,42,37,42,146,38,41,43,38,33,42
8,34,66,40,35,43,35,26,23,19,12,39,35,20,29,25,23,21,41,17,79,22,18,38,44,40,16,33,91,14,49,23,26,38,16,27,33,44,24,65,26,35,24,23,18,25,20,23,35,45,16,33,27,30,19,27,22,29,43,30,53,39,50,30,28,49,44,31,19,30,24,47,54,50,39,30,32,33,36,49,39,55,39,31,64,60,45,47,34,44,143,38,41,48,41,36,42
8.25,36,71,45,35,46,29,23,24,21,16,38,36,22,29,27,24,16,41,13,86,21,18,35,49,41,16,36,88,17,46,20,25,43,21,21,33,41,23,61,23,34,21,25,22,27,18,19,35,42,12,35,20,27,18,27,21,28,48,27,51,41,45,34,23,53,49,34,22,34,21,50,49,55,37,32,28,33,35,44,35,49,37,31,67,69,44,42,37,41,145,42,38,44,44,38,45
8.5,33,62,44,32,48,38,26,27,22,17,46,34,21,33,29,23,17,43,15,82,19,15,41,49,41,17,37,91,18,54,24,27,42,22,23,28,43,21,72,26,40,23,27,21,28,21,20,35,48,16,34,25,29,20,30,22,29,50,28,57,41,55,33,29,56,53,35,25,30,18,52,51,55,41,34,28,39,42,55,35,57,37,27,72,67,45,47,34,49,145,38,38,47,43,37,39
8.75,37,69,51,36,60,41,27,25,23,15,47,35,21,29,37,20,15,47,15,81,25,16,39,53,40,19,42,93,13,52,25,26,51,20,16,28,45,18,77,26,40,26,28,20,30,21,19,28,51,14,35,25,29,17,26,23,28,49,35,57,37,56,29,25,54,59,32,20,30,19,51,53,61,40,32,33,40,39,50,33,49,41,28,74,66,44,46,39,46,144,40,40,45,48,35,37
9,35,69,53,28,54,37,27,27,18,14,38,34,20,31,34,27,18,44,22,85,23,19,45,51,41,21,46,93,23,58,29,32,49,20,28,32,43,29,73,24,40,26,32,20,35,24,23,36,42,21,34,29,33,20,28,20,33,59,28,59,42,53,31,30,58,68,42,24,38,21,51,53,64,39,32,37,40,45,52,43,53,37,31,80,77,50,44,41,54,147,41,42,50,42,36,46
9.25,35,67,58,32,56,37,28,28,21,13,45,36,20,31,39,24,17,47,17,82,20,19,44,59,35,21,46,94,20,52,29,29,51,20,21,31,43,25,81,24,43,22,30,19,34,20,23,38,43,16,31,25,34,24,27,23,29,60,31,54,37,55,28,31,57,71,40,22,31,18,54,48,67,42,33,33,41,41,54,40,50,38,32,89,82,43,42,40,51,144,36,39,41,38,38,41
9.5,35,67,67,32,60,34,27,30,21,15,48,33,15,32,39,25,20,56,13,84,20,18,42,61,38,21,44,92,22,53,27,33,53,19,25,32,42,23,87,27,43,29,30,21,36,21,26,33,47,21,30,31,38,22,29,25,27,64,37,61,41,57,33,31,63,77,42,21,32,22,60,50,65,37,30,32,41,42,53,38,50,35,34,93,81,46,45,35,52,144,40,42,43,36,40,45
9.75,34,65,68,31,66,36,30,31,21,15,51,36,20,32,42,25,19,67,15,88,23,17,47,61,38,19,53,93,27,66,28,32,59,22,24,31,48,19,93,28,49,27,36,20,39,22,20,32,46,19,36,30,36,23,26,26,28,67,35,64,42,58,33,31,66,80,46,21,30,22,61,49,57,40,35,36,43,45,59,38,51,37,33,103,89,44,45,42,58,145,41,39,45,45,38,44
10,36,70,67,31,69,39,32,31,14,17,52,34,22,33,48,26,19,66,17,85,24,22,48,66,37,22,56,89,25,68,29,35,63,20,23,33,44,21,95,30,45,29,31,23,40,23,21,35,52,15,33,31,34,25,27,23,27,74,37,65,41,63,33,28,70,80,48,21,31,22,64,54,61,34,38,39,41,43,57,34,53,37,34,108,90,47,47,40,57,143,40,36,45,45,37,43
10.25,33,71,67,28,75,41,31,31,18,15,52,36,18,32,55,25,19,68,21,83,21,16,48,69,35,21,61,92,26,72,24,39,69,19,25,36,47,19,100,30,50,29,33,24,43,22,18,35,51,17,34,34,38,20,29,22,24,82,36,65,45,66,31,29,71,86,47,23,29,25,70,55,66,36,35,38,47,48,56,35,55,39,28,115,94,48,52,36,60,144,41,37,45,43,39,42
10.5,36,69,73,31,79,48,32,34,18,19,58,37,26,38,55,27,20,71,16,85,22,21,52,74,39,23,68,92,30,78,28,41,75,23,22,38,48,23,108,29,54,30,34,25,49,25,23,37,52,18,36,37,39,23,27,24,31,87,39,71,46,69,32,31,72,87,52,22,32,23,72,58,64,39,37,38,48,52,57,38,55,40,38,125,100,46,54,38,58,146,39,41,46,48,39,38
10.75,36,73,83,34,83,46,35,39,27,19,59,38,23,35,58,27,19,77,15,88,25,20,58,76,39,23,78,98,40,76,30,45,82,21,21,41,53,23,117,28,58,29,35,25,48,25,25,36,57,19,36,36,45,24,29,22,34,86,43,70,46,69,32,30,79,89,51,30,33,27,72,61,62,40,39,40,50,58,58,37,61,43,38,131,105,50,54,43,64,148,46,45,49,47,44,46
11,39,73,92,33,90,48,33,42,20,16,64,35,24,39,65,24,23,75,15,90,21,20,59,78,40,20,80,95,41,78,32,48,83,26,23,39,53,21,123,28,61,31,35,22,57,24,27,34,53,24,37,34,43,23,31,24,29,95,44,71,48,71,29,34,80,99,51,26,33,24,72,58,67,37,43,43,53,61,56,39,56,39,38,131,112,49,56,40,62,146,45,50,48,42,44,47
11.25,39,72,91,32,89,50,36,44,22,20,65,35,21,38,67,26,23,84,19,87,21,16,61,81,40,20,87,92,40,81,32,47,87,23,26,37,53,24,125,32,59,30,37,22,56,30,29,35,55,20,38,36,44,23,32,23,29,96,45,72,44,69,34,29,86,94,57,24,32,24,78,56,65,39,40,43,49,59,53,39,59,43,41,143,113,44,55,42,59,153,45,50,44,46,45,42
11.5,38,70,93,30,96,50,33,45,22,21,67,33,24,37,75,24,24,93,20,92,23,21,62,80,40,23,97,98,40,89,33,49,101,22,23,39,53,22,133,31,64,30,39,20,62,26,25,33,54,16,36,35,42,26,28,22,30,97,49,74,48,72,33,32,85,95,55,24,32,26,83,61,62,44,41,47,51,62,58,39,59,46,38,148,117,50,58,40,63,147,44,53,47,45,46,43
11.75,35,71,98,35,96,49,36,44,24,18,72,36,20,36,79,25,24,93,17,87,24,18,66,84,36,23,105,95,44,86,33,53,103,26,24,36,51,24,135,31,65,28,38,22,63,31,25,36,58,23,34,35,49,23,32,23,31,102,47,78,43,78,38,32,88,98,59,21,33,25,94,60,67,39,36,48,53,64,56,37,58,46,41,152,118,44,64,40,60,150,45,54,46,44,46,43
12,40,69,97,38,102,54,41,47,17,19,77,36,25,34,81,21,20,97,17,90,21,16,66,85,39,19,112,100,44,94,32,55,110,26,23,35,52,20,143,26,71,32,40,21,62,26,25,34,63,17,35,33,54,24,27,22,30,111,47,80,47,78,37,34,90,99,62,26,30,29,98,59,63,40,42,44,54,69,54,36,56,45,39,162,126,44,62,41,59,152,43,58,49,48,48,43
12.25,29,69,102,26,100,57,40,50,19,21,77,35,24,32,85,29,25,97,21,89,28,18,70,89,38,22,107,98,45,96,30,59,108,26,29,35,55,23,143,29,71,32,40,23,72,27,23,37,58,21,33,36,51,21,33,22,26,121,53,85,47,78,32,31,92,102,63,25,31,29,99,55,67,40,43,56,60,78,53,38,63,43,42,161,129,42,66,35,65,149,46,65,44,43,48,50
12.5,35,71,103,38,106,63,38,46,23,21,84,37,21,38,91,25,22,106,15,85,23,18,76,90,39,17,121,95,51,106,37,61,123,23,28,38,57,18,156,27,71,30,39,21,74,27,24,35,63,17,37,33,56,19,29,22,33,120,55,86,41,82,37,31,96,100,61,24,29,25,110,62,62,37,41,45,58,70,55,33,60,49,40,177,130,51,73,40,56,150,41,62,44,49,47,46
12.75,38,72,116,32,104,53,36,55,21,21,79,35,22,35,97,23,24,108,22,87,20,18,73,94,40,22,117,96,55,104,33,66,124,24,25,34,58,26,158,30,75,34,41,21,83,33,26,35,61,19,33,36,55,20,31,26,30,122,51,84,46,77,38,35,98,107,73,23,29,27,111,66,66,36,46,55,61,81,54,40,56,48,40,172,140,49,69,42,63,147,44,66,49,42,44,45
13,35,65,115,30,109,59,37,50,21,22,91,33,25,34,103,26,23,102,17,90,22,20,73,101,37,22,123,98,55,105,33,70,130,28,32,37,60,30,163,29,76,33,48,27,82,35,26,38,62,21,39,36,60,22,31,20,32,134,50,86,44,85,40,32,101,109,71,22,34,29,114,56,69,43,47,59,66,83,52,34,62,44,43,181,139,40,71,40,64,148,45,74,56,43,45,50
13.25,38,71,119,33,118,64,45,52,23,22,91,34,26,34,111,29,27,114,21,94,26,18,82,103,42,19,129,102,58,113,37,73,139,26,30,39,63,30,168,34,79,33,48,22,83,30,24,38,68,26,34,37,65,26,34,23,37,138,59,90,47,89,42,36,109,108,74,29,37,30,117,62,70,43,49,60,65,86,56,39,60,54,42,196,141,49,75,39,65,152,42,74,52,49,49,48
13.5,38,71,120,36,120,64,45,57,24,24,97,34,25,39,119,26,26,125,19,87,23,18,83,111,46,20,138,101,63,118,44,78,146,26,25,38,64,26,174,33,84,33,46,23,87,28,24,38,71,21,34,33,66,21,30,24,32,135,61,97,48,95,41,37,113,108,71,29,33,32,127,65,67,44,47,57,64,85,54,35,59,54,40,200,147,47,81,43,60,151,43,74,49,54,46,46
13.75,43,77,135,39,121,64,41,62,23,25,98,37,27,39,124,33,29,125,18,90,25,18,92,110,42,23,137,97,69,120,37,78,144,30,29,43,60,27,173,29,92,36,47,20,101,31,27,36,67,21,35,38,68,25,36,28,32,137,62,97,48,93,45,41,113,111,80,26,34,28,131,68,70,40,53,56,69,94,57,36,61,58,41,203,158,44,77,42,67,154,43,82,47,47,46,47
14,32,74,132,31,121,66,45,62,23,27,101,38,23,39,126,26,27,131,23,91,23,18,94,109,39,21,132,97,66,124,36,83,154,26,29,43,62,27,180,28,90,33,43,23,95,36,25,41,72,21,32,36,65,28,36,26,35,137,68,96,51,93,48,39,114,108,84,24,36,28,134,68,66,39,51,58,70,97,54,40,61,60,41,210,154,44,77,34,67,150,40,88,46,45,50,45
14.25,38,74,141,36,136,65,43,66,23,23,102,34,22,42,137,25,26,136,19,90,25,19,98,113,40,23,138,97,71,124,36,88,159,25,28,41,64,25,182,32,97,40,41,26,107,32,28,39,74,23,33,36,74,25,32,25,32,136,63,97,53,97,46,39,121,115,84,23,34,27,134,69,77,39,55,63,76,101,56,37,59,59,41,212,169,47,80,39,63,153,43,93,48,49,44,46
14.5,41,73,144,35,136,70,43,68,25,22,110,37,26,41,146,27,27,144,17,89,25,20,101,118,37,26,141,100,72,132,39,93,166,29,24,44,64,27,187,31,100,38,46,26,112,32,25,39,78,24,34,34,74,27,29,27,34,141,66,97,51,101,52,44,125,114,88,24,30,32,138,65,73,38,55,66,79,106,58,40,60,63,44,219,173,45,83,43,66,154,44,95,47,50,50,45
14.75,39,73,147,40,142,75,48,67,25,29,117,38,26,42,147,29,32,147,20,91,27,23,101,121,41,25,149,98,81,136,40,93,171,25,25,39,66,25,191,30,100,38,45,22,109,33,24,38,80,22,39,33,75,25,35,25,32,151,72,100,49,103,53,40,130,109,85,24,31,27,143,67,71,38,62,64,78,104,59,32,61,61,46,222,169,48,89,44,67,156,44,98,49,48,48,49
15,38,72,146,37,138,75,49,69,23,25,116,38,25,34,152,21,27,151,18,90,24,21,105,125,42,18,151,96,78,144,43,97,177,29,27,36,69,22,194,32,104,35,43,17,115,35,23,37,79,18,36,36,78,21,30,23,30,151,70,100,48,107,57,39,129,109,96,22,29,29,148,68,72,38,54,66,74,107,54,41,58,66,45,228,173,45,85,40,67,154,41,100,47,50,44,46
15.25,41,76,154,37,139,75,49,76,24,24,114,39,29,45,160,30,32,159,23,94,27,21,111,122,43,31,154,103,88,143,42,103,177,26,28,41,65,24,200,34,110,39,49,21,128,36,29,37,82,23,39,36,84,25,34,29,32,156,76,103,50,111,62,42,133,114,102,25,35,29,150,72,80,45,61,73,84,114,55,38,62,69,48,223,180,49,86,38,70,152,50,105,54,50,46,48
15.5,40,73,159,37,140,76,44,76,26,26,121,36,30,37,166,27,34,160,24,93,27,21,113,126,43,23,156,101,87,150,49,112,178,32,29,44,69,30,202,30,113,41,44,27,130,44,26,39,83,23,37,37,91,24,32,29,39,161,81,104,52,115,68,43,139,115,103,29,33,31,162,70,83,43,66,77,86,119,54,37,61,73,49,229,185,46,88,40,67,156,52,111,50,50,52,46
15.75,38,74,161,30,135,76,51,80,23,25,120,36,25,35,169,30,34,168,23,91,25,21,122,126,43,23,157,104,85,154,49,113,181,30,28,42,62,27,203,30,111,41,48,22,135,42,28,36,80,22,40,36,87,25,31,27,32,164,80,102,49,115,66,40,141,115,107,25,30,30,160,72,82,41,64,78,86,125,56,39,59,74,40,227,187,44,88,42,70,158,52,112,48,49,49,47
16,35,75,162,37,137,81,52,83,26,30,130,35,32,40,171,28,34,173,18,93,30,22,124,132,44,25,168,102,98,160,46,117,192,31,24,45,71,23,209,35,119,42,45,26,140,42,27,39,89,19,43,39,92,23,33,31,34,170,81,112,50,123,74,45,145,115,107,29,32,30,170,69,77,43,67,78,92,123,57,40,72,79,46,233,188,50,96,40,68,155,47,119,51,55,50,47
16.25,36,75,163,37,136,81,53,83,29,33,130,39,27,41,175,28,34,180,23,95,28,23,130,138,45,24,167,104,99,164,53,119,195,27,31,45,69,33,213,36,123,40,47,27,145,47,28,42,89,20,40,39,95,27,33,27,37,174,88,112,51,120,75,47,149,111,114,26,34,35,177,71,80,45,70,84,95,126,53,38,63,78,48,234,191,46,100,43,68,162,42,124,50,58,50,46
16.5,39,72,167,40,138,82,57,88,27,31,138,39,24,41,179,30,33,183,26,94,26,24,136,138,47,27,167,100,100,174,53,124,200,31,27,46,75,23,218,33,127,45,50,24,150,54,27,39,94,20,41,39,93,21,34,28,37,175,89,111,52,122,82,46,153,114,118,26,30,30,176,74,81,41,76,80,97,126,58,36,64,84,44,239,197,49,97,40,67,157,46,125,54,59,50,48
16.75,39,70,175,35,136,83,56,92,23,29,139,36,27,41,188,33,34,188,20,92,26,23,137,139,43,23,165,104,101,172,56,125,202,32,27,43,70,23,219,33,125,43,49,23,156,48,24,37,95,22,38,37,96,24,34,27,36,178,91,108,50,122,79,45,153,112,116,30,29,32,176,73,79,40,72,85,100,134,57,36,66,82,45,234,198,42,97,43,75,154,47,128,51,54,49,44
17,38,75,182,40,136,87,54,94,22,27,138,37,30,40,193,33,38,192,24,94,31,20,140,145,44,24,162,102,100,178,59,136,208,35,29,43,70,27,216,35,128,46,48,31,163,58,27,41,97,23,38,40,95,26,36,25,35,187,98,110,56,125,86,48,158,117,121,30,34,34,182,79,81,42,71,91,105,141,60,40,62,89,43,235,205,46,99,43,72,159,49,134,54,51,47,49
17.25,39,74,181,34,133,86,61,96,24,29,148,38,30,38,196,30,36,196,23,94,27,20,143,143,43,23,160,104,107,181,60,138,213,36,31,46,68,30,222,36,129,46,45,25,167,61,23,43,95,23,41,40,105,25,35,28,33,182,93,109,49,127,93,50,159,115,125,28,33,30,184,75,77,44,75,92,105,141,54,36,67,91,50,238,205,50,98,44,74,156,48,137,51,52,48,49
17.5,41,72,186,39,133,87,58,100,24,31,147,39,25,39,201,23,40,196,20,96,28,23,148,147,43,22,154,105,111,180,61,140,214,37,28,46,68,26,223,34,129,44,44,25,174,62,25,42,97,28,40,33,104,29,36,25,36,190,99,113,55,125,96,44,158,117,131,26,31,33,187,77,90,45,77,100,109,152,59,36,63,92,45,234,211,42,92,42,73,162,46,145,48,48,52,51
17.75,42,75,192,43,134,86,60,104,27,34,156,37,29,40,210,28,41,208,19,97,29,25,152,149,41,24,158,107,110,188,60,146,215,35,31,47,71,31,227,32,130,45,48,26,180,65,28,40,106,24,35,35,107,31,39,28,35,193,101,114,57,130,101,48,163,119,136,26,32,29,188,78,89,42,84,102,114,153,56,39,68,95,48,233,217,49,96,41,75,159,45,146,54,52,49,53
18,36,70,190,29,126,86,58,105,22,37,153,41,23,43,209,34,44,204,24,95,27,22,156,154,44,22,166,104,113,191,58,153,218,34,33,46,71,30,228,35,138,49,50,27,188,68,28,42,107,21,41,39,110,34,37,27,36,199,102,116,53,136,101,50,166,120,143,28,31,33,193,80,82,42,84,105,117,152,63,41,65,103,51,235,215,47,101,42,72,161,50,154,52,55,53,52
18.25,53,80,201,53,138,97,67,116,25,39,170,39,28,46,218,35,44,219,21,96,29,23,162,156,49,27,169,105,120,207,69,158,227,38,34,47,75,24,233,33,144,46,48,27,195,71,27,41,114,25,41,41,113,31,38,31,39,202,111,125,57,140,113,51,176,116,141,30,33,34,200,84,92,44,82,102,124,158,60,46,65,103,52,238,224,48,107,46,70,164,47,160,56,57,54,52
18.5,52,77,204,46,143,102,70,123,26,39,173,42,30,45,218,32,42,219,24,98,28,23,168,161,46,26,171,107,120,205,72,162,224,40,30,47,74,25,234,38,144,54,50,26,191,78,28,45,119,22,40,42,119,26,34,29,38,205,112,122,54,142,113,55,175,117,146,29,32,35,209,81,88,49,85,109,122,155,61,34,63,105,54,238,223,51,108,45,73,164,50,161,55,59,49,52
18.75,46,81,205,49,138,100,66,123,31,32,172,42,34,43,221,29,45,223,25,101,26,20,173,162,43,27,171,107,121,211,79,165,228,39,30,48,80,27,234,35,149,48,49,29,203,84,24,45,122,28,43,39,115,30,35,29,36,209,112,124,54,145,116,52,179,119,152,32,34,34,210,81,93,44,90,112,134,165,63,42,70,107,53,236,226,48,108,46,72,158,49,165,58,54,51,49
19,46,78,208,45,135,102,69,127,29,34,180,42,30,41,222,30,43,228,21,97,29,21,172,163,46,24,174,108,124,209,78,167,229,42,31,49,77,26,235,38,149,47,48,31,210,90,28,44,122,26,42,38,116,29,36,27,37,213,117,120,53,145,119,49,182,121,152,31,36,32,210,83,95,42,92,114,134,168,61,42,68,111,51,238,231,44,108,42,71,161,49,171,58,50,54,53
19.25,45,78,212,48,134,107,71,130,29,38,184,43,33,45,227,29,46,228,22,98,26,20,178,164,44,27,175,107,124,215,82,175,235,43,29,49,77,26,236,40,154,51,48,30,212,91,25,45,125,24,42,39,120,30,38,28,37,217,117,126,53,153,126,52,184,122,159,32,31,34,215,81,92,45,94,117,139,170,59,41,68,115,52,234,234,53,111,42,70,159,49,173,53,56,56,51
19.5,48,76,215,47,140,105,70,134,32,35,187,43,31,42,230,25,48,230,22,97,29,25,182,163,48,28,172,102,127,223,80,174,237,40,35,48,79,25,238,34,150,49,47,27,213,92,25,42,128,20,39,37,120,31,38,28,35,218,117,126,56,146,124,50,188,119,160,27,34,31,216,83,94,46,91,119,140,173,55,43,68,118,46,236,236,51,106,47,70,159,43,177,52,52,47,56
19.75,52,80,219,59,146,108,75,137,25,45,202,41,31,44,233,28,50,238,16,96,29,25,187,169,52,23,176,103,128,225,88,181,242,46,32,49,80,28,244,34,155,55,48,30,219,99,25,40,138,26,43,33,123,27,37,31,36,222,129,127,53,157,137,53,189,115,163,30,32,37,225,89,89,41,99,124,145,173,60,36,67,117,53,234,241,54,114,45,73,167,45,172,53,54,49,52
20,40,78,221,47,138,108,73,142,29,40,197,40,29,45,232,30,46,235,24,101,31,28,188,168,49,22,173,106,133,225,92,185,239,44,33,51,79,25,242,35,156,51,52,30,219,105,33,41,137,25,45,42,125,24,33,32,39,224,131,130,56,154,136,52,193,114,167,31,32,37,224,90,96,46,101,127,143,176,61,41,68,121,52,232,243,49,113,44,73,164,47,182,53,57,46,54
20.25,44,79,223,46,136,112,71,145,31,38,198,39,26,44,238,25,49,235,20,98,30,23,193,171,48,20,178,103,134,226,93,186,239,48,29,47,78,26,247,34,157,53,49,25,226,104,30,39,136,22,43,37,120,29,38,29,39,225,127,128,52,155,139,49,195,120,168,29,30,31,224,87,96,46,96,124,147,184,59,43,67,120,48,235,242,46,114,37,73,160,45,186,52,57,48,53
20.5,41,76,227,44,135,108,72,146,31,42,198,39,23,41,239,29,46,239,28,94,29,22,191,174,47,22,175,107,136,224,98,193,242,51,33,49,78,27,251,37,157,54,48,30,230,110,26,41,140,20,40,38,127,26,35,29,41,231,128,131,57,156,143,53,196,117,180,26,33,36,230,93,94,44,107,133,150,184,59,42,68,128,51,230,243,45,114,42,72,166,49,193,55,59,51,56
20.75,51,81,228,55,142,116,77,151,30,42,209,45,31,44,244,33,49,246,23,98,32,27,200,179,50,24,175,111,137,234,104,197,246,55,33,51,80,27,251,37,164,54,54,32,235,113,32,43,148,27,41,38,128,30,39,31,41,228,135,132,58,164,148,54,199,118,180,28,36,40,233,94,104,49,110,139,156,187,61,41,70,126,51,236,250,50,119,45,75,165,52,196,51,61,51,50
21,48,84,230,58,147,119,82,159,25,47,219,41,30,43,248,33,53,244,24,98,25,27,202,182,49,22,174,111,137,238,113,198,248,57,30,46,85,21,253,34,161,57,50,28,234,116,26,42,152,22,40,38,129,28,31,29,33,232,138,137,56,167,154,53,204,116,184,27,29,39,233,93,98,38,110,138,159,190,64,41,70,129,53,235,248,52,122,45,66,165,47,195,55,57,49,51
21.25,43,77,230,43,134,110,73,158,25,41,213,39,24,41,244,26,47,243,19,99,27,20,201,177,43,21,174,106,138,235,110,200,247,54,29,47,78,25,252,34,164,54,48,26,233,120,26,38,149,25,40,38,129,23,34,31,36,231,134,134,52,168,155,51,205,121,184,27,29,35,232,96,96,49,109,143,163,188,59,33,67,133,54,232,251,46,115,45,65,166,46,202,51,56,44,50
21.5,44,83,234,45,133,112,75,161,32,38,216,39,29,44,247,30,55,242,24,97,28,26,206,186,51,22,182,107,142,235,116,206,249,66,31,50,78,28,254,35,167,58,51,34,237,127,27,43,151,26,42,39,132,26,38,30,38,232,137,138,52,168,162,54,206,120,190,29,31,35,236,99,102,44,111,147,168,192,61,35,63,133,54,233,250,46,117,45,73,165,47,203,53,55,51,53
21.75,48,78,239,57,139,117,85,167,28,45,225,41,25,41,253,29,57,247,20,98,23,23,213,186,48,21,174,108,146,243,125,207,253,66,29,47,85,26,252,30,170,57,50,25,237,135,27,41,163,23,38,37,130,28,32,27,35,233,146,141,49,177,168,56,209,116,192,25,27,35,242,99,98,45,119,147,169,192,61,36,65,138,50,235,254,49,120,46,68,159,47,209,51,57,48,51
22,47,80,239,48,139,117,77,172,26,46,225,40,29,42,253,28,53,246,26,102,31,22,216,189,54,21,182,111,146,247,124,214,253,67,32,50,83,22,252,34,170,58,55,23,242,134,23,42,160,23,45,39,133,27,37,29,37,238,141,139,55,176,169,51,208,119,190,29,32,32,239,98,101,43,118,147,170,196,63,39,68,142,54,233,256,46,119,44,73,163,49,211,55,56,49,53
22.25,47,79,241,53,134,118,81,174,30,48,228,41,34,46,251,27,56,247,23,97,30,21,214,189,49,21,181,112,145,247,129,214,257,73,31,50,84,27,255,31,173,62,52,29,247,143,27,39,165,24,40,38,130,26,32,31,36,239,148,144,55,180,173,57,212,117,197,27,27,35,243,101,100,44,125,155,173,201,61,40,71,142,54,232,257,53,120,52,72,166,47,215,57,56,50,54
22.5,53,84,244,58,144,131,91,180,26,53,238,45,33,46,256,30,64,250,23,100,29,28,225,191,55,24,182,113,147,252,141,220,257,84,33,54,88,21,255,34,173,64,54,30,247,147,30,42,173,25,40,37,133,26,36,32,42,242,152,151,57,191,183,57,216,115,202,32,30,43,244,113,102,48,129,159,179,206,63,35,70,147,57,231,261,51,128,47,72,164,47,221,52,57,53,49
22.75,45,80,244,45,137,120,82,181,27,49,232,38,30,40,255,30,61,248,26,103,32,23,221,197,47,26,180,115,151,249,136,224,260,79,31,52,86,23,252,35,175,60,56,28,246,153,29,42,176,27,41,43,136,32,38,27,40,239,152,147,54,191,184,58,220,118,206,31,32,40,246,112,105,49,132,164,181,207,62,39,70,149,58,230,262,49,123,45,70,169,47,220,53,59,50,52
23,42,79,247,43,134,121,82,183,28,47,231,41,29,46,258,32,65,247,27,100,32,27,222,195,48,27,184,112,146,250,143,225,261,90,34,53,89,26,258,40,178,60,53,30,254,158,32,46,176,30,46,41,133,29,39,27,41,245,153,147,61,191,184,60,222,120,209,33,31,38,252,117,103,46,134,169,187,212,64,41,72,153,59,232,262,45,119,49,77,164,48,221,58,56,47,53
23.25,41,77,246,47,137,124,82,188,27,45,236,38,27,40,258,31,63,248,25,102,28,23,226,200,48,22,180,112,150,252,150,226,261,88,30,54,88,26,257,36,178,59,57,29,252,162,26,42,181,25,43,38,136,26,34,31,38,244,155,156,55,192,189,59,220,119,211,26,28,42,249,120,103,46,136,171,188,211,60,37,70,153,53,230,260,45,127,45,72,163,48,226,53,59,51,55
23.5,41,74,251,46,131,129,83,193,28,45,234,36,28,39,258,31,69,245,26,101,28,21,230,202,47,22,186,114,149,254,149,229,264,94,30,56,88,28,256,36,176,61,57,27,254,164,31,42,184,27,42,43,136,29,36,33,36,246,155,152,56,189,191,57,225,122,213,30,33,39,250,125,107,49,138,171,188,216,60,37,70,155,56,231,261,46,124,46,75,163,49,227,51,61,49,52
23.75,42,76,250,46,132,133,93,194,30,52,241,42,32,40,260,32,73,247,24,100,35,30,226,206,49,27,183,114,153,257,158,230,270,97,37,55,95,26,264,36,180,62,58,32,256,169,27,48,190,24,41,45,137,30,39,30,44,252,161,162,52,200,198,57,226,119,214,32,29,40,255,120,107,47,144,180,189,219,62,38,78,158,61,232,263,44,125,46,73,167,53,234,60,58,51,58
24,50,85,255,57,141,139,90,200,28,55,248,44,28,43,263,27,72,248,25,100,29,25,230,208,52,20,183,117,154,261,164,233,268,101,32,50,90,26,259,34,180,63,63,29,256,171,25,41,192,26,40,38,137,25,38,29,37,253,162,162,59,202,201,60,227,119,219,26,25,43,253,130,107,45,144,177,197,216,61,33,71,162,59,231,265,49,125,50,65,162,47,230,57,59,53,52
24.25,46,81,255,49,134,134,88,201,27,52,246,36,30,40,266,28,73,243,29,105,30,22,233,204,47,24,186,117,153,260,165,234,269,100,33,53,87,28,260,33,179,61,60,27,255,178,26,43,194,26,42,43,139,31,35,30,40,250,163,164,61,196,205,58,230,115,219,27,31,39,256,134,109,48,149,178,198,220,58,40,74,165,55,233,268,48,124,46,74,162,51,236,54,60,47,54
24.5,50,82,258,53,137,133,89,206,27,49,242,39,31,45,262,33,80,247,26,104,34,26,234,210,50,27,186,117,154,260,169,234,269,105,31,51,93,30,260,31,185,61,64,29,256,182,29,45,196,29,39,40,139,31,39,33,40,251,164,163,62,197,205,59,232,123,222,29,32,42,254,137,116,42,146,183,206,224,61,40,66,164,59,229,270,47,127,44,75,168,51,242,49,54,53,56
24.75,45,81,257,45,133,134,94,206,26,50,241,40,31,40,262,34,80,242,26,103,33,28,236,208,49,23,187,118,153,261,175,236,271,107,34,53,87,30,264,35,183,63,58,31,260,188,30,45,200,30,43,41,138,29,40,31,41,250,165,164,58,194,211,58,230,122,223,29,32,40,253,145,114,48,151,187,206,227,61,38,71,169,57,231,268,47,123,43,75,164,48,240,59,57,52,54
25,47,78,262,54,136,141,90,210,27,53,247,37,33,44,267,28,86,240,23,100,29,23,238,209,49,23,188,117,153,262,178,240,273,109,33,54,93,28,262,32,183,65,60,28,259,189,24,42,200,21,41,40,141,25,37,32,41,255,168,171,54,197,215,58,236,120,224,30,28,40,258,148,113,45,157,192,208,228,59,39,74,168,60,229,268,49,128,48,72,170,52,242,56,56,48,58
25.25,48,81,262,57,140,144,96,215,32,57,249,40,30,41,268,31,87,242,28,103,31,28,240,209,49,23,185,118,158,264,181,240,274,109,35,54,93,24,265,33,180,62,60,32,262,192,27,42,206,21,38,42,143,29,39,30,38,256,171,179,57,197,216,57,234,120,226,31,31,38,258,152,111,44,161,197,212,227,61,39,70,171,58,232,274,48,129,44,73,170,52,244,54,57,49,52
25.5,52,85,266,61,134,152,95,219,32,56,255,44,32,44,271,29,92,245,28,102,30,29,240,207,51,24,190,119,159,268,188,242,276,117,37,51,94,26,268,36,187,68,60,28,261,198,28,47,211,26,41,42,138,27,36,34,40,255,170,181,61,203,218,61,236,122,229,30,31,38,258,159,116,45,167,199,211,229,63,39,77,171,62,234,272,55,132,50,75,165,47,245,57,58,50,56
25.75,49,83,263,54,136,147,99,219,30,53,251,38,32,44,268,32,96,243,26,103,30,27,242,205,52,24,188,122,154,267,191,243,273,116,33,56,94,25,264,39,185,64,62,30,261,202,31,42,211,29,44,44,141,28,39,32,39,256,172,181,61,196,217,63,239,121,228,27,31,40,259,157,112,46,165,201,219,234,62,41,74,175,60,233,273,49,129,47,72,167,50,249,58,59,48,56
26,49,84,267,59,139,154,103,227,27,60,256,39,32,42,272,32,97,241,26,99,33,27,246,212,51,22,183,119,160,268,194,244,277,118,34,60,91,26,267,35,187,67,65,30,262,209,31,43,216,24,44,44,140,26,39,29,42,255,175,184,58,205,220,62,238,120,231,29,27,43,258,158,113,48,168,205,219,237,61,40,74,173,58,231,274,52,130,44,72,167,48,245,54,55,51,55
26.25,43,77,261,44,130,144,98,224,27,55,252,39,30,40,268,28,107,241,27,104,34,26,245,210,50,28,188,122,156,265,195,245,279,122,36,55,96,26,265,36,188,68,62,30,262,213,32,44,214,29,46,43,143,28,40,32,39,255,173,185,56,198,225,60,241,122,230,27,31,40,259,162,115,51,174,205,223,238,64,41,75,172,59,233,272,50,130,47,72,171,52,251,59,60,51,58
26.5,46,77,266,51,129,150,97,226,27,54,252,40,25,42,271,34,107,239,27,103,29,22,247,210,51,26,186,126,156,268,200,242,276,124,34,57,98,24,268,35,185,68,62,28,265,210,27,43,215,28,42,42,143,31,37,31,38,258,177,190,60,196,225,63,241,121,235,28,31,43,260,167,112,45,180,208,222,238,62,37,76,174,61,232,271,48,131,43,73,164,49,249,54,57,47,57
26.75,52,90,269,55,136,157,102,232,34,58,255,40,32,45,272,33,111,243,27,101,35,22,249,211,51,28,187,126,163,268,203,240,280,125,37,55,103,30,266,38,189,72,63,29,267,215,29,48,221,26,46,45,143,29,38,36,41,261,173,192,67,202,229,62,244,120,237,33,31,45,263,172,120,52,181,216,229,241,65,46,74,177,63,231,278,49,133,52,75,169,55,250,60,60,48,60
27,55,88,271,61,140,163,108,236,37,66,262,43,34,51,275,34,116,245,28,103,32,28,255,210,55,24,189,127,162,270,209,241,285,133,38,58,104,27,270,37,191,72,66,37,265,218,34,51,227,37,48,43,150,32,41,31,42,265,176,196,64,203,230,68,248,122,238,31,32,41,266,181,122,50,186,217,227,242,63,42,74,171,67,231,277,53,136,49,76,169,53,252,59,60,58,58
27.25,44,85,270,50,134,160,105,237,32,59,257,42,30,45,275,34,120,240,29,100,34,23,253,208,50,26,190,124,161,274,205,240,282,134,37,59,104,33,273,35,187,70,67,31,266,222,29,43,222,32,46,41,145,33,39,34,42,259,180,197,59,197,231,61,248,123,241,38,33,45,265,182,119,47,185,219,232,244,61,39,75,169,66,230,274,52,137,52,78,169,54,252,53,60,49,60
27.5,51,85,275,58,141,165,109,238,33,62,262,43,38,45,271,28,124,239,29,106,32,31,252,209,53,28,192,128,163,272,209,238,281,137,35,56,103,29,273,39,188,71,70,29,269,224,32,44,226,28,42,45,146,29,39,31,41,261,177,202,65,201,237,64,247,118,242,28,31,44,265,186,121,48,191,223,235,245,66,43,76,169,65,232,276,53,131,51,80,168,53,251,59,61,52,58
27.75,54,88,274,67,139,170,113,242,31,65,262,43,30,49,275,30,123,240,28,102,32,28,252,211,54,25,189,127,164,275,215,236,278,139,38,61,103,27,271,34,192,68,70,30,269,228,31,46,229,29,45,41,144,26,39,32,39,263,180,206,65,199,235,65,246,117,238,29,32,45,266,193,122,49,196,225,234,244,62,41,78,168,64,230,277,48,136,49,72,171,52,249,59,58,50,59
28,56,92,274,61,140,171,113,241,27,63,261,43,33,46,276,35,131,241,29,107,32,25,253,210,55,26,189,129,161,276,218,238,282,142,33,59,104,30,271,37,192,71,69,31,269,225,35,45,232,34,47,41,148,30,42,33,43,266,180,205,61,201,240,60,249,123,239,29,33,46,265,195,128,52,196,226,237,247,63,38,78,165,67,232,279,53,134,50,77,170,54,256,63,61,51,55
28.25,47,83,270,54,136,173,111,243,30,67,262,44,39,41,274,31,135,241,25,105,33,25,254,208,55,22,190,131,167,278,222,239,281,145,36,59,106,26,274,38,190,71,71,30,274,231,32,43,232,26,43,44,146,30,41,34,43,265,185,210,60,204,240,66,250,118,242,32,31,47,264,201,122,50,203,226,234,248,64,41,81,167,65,230,279,53,142,49,73,171,55,253,56,59,54,60
28.5,45,79,268,47,130,176,113,245,27,61,260,44,36,41,274,32,140,241,27,103,32,30,250,212,50,22,185,127,159,273,221,236,283,149,38,59,110,27,273,40,190,74,67,30,269,235,24,48,231,26,43,39,147,31,37,34,38,264,185,212,56,208,243,62,252,118,246,34,30,49,266,199,120,45,209,233,239,250,62,42,83,166,70,231,275,47,144,45,70,169,56,254,64,57,54,61
28.75,50,88,275,57,138,174,114,248,31,65,263,40,35,43,277,33,142,244,29,107,32,25,255,207,51,28,190,131,159,276,225,239,283,155,35,56,107,29,273,39,194,73,71,36,270,232,31,45,237,27,45,43,150,32,36,38,42,264,185,215,65,198,242,64,252,121,242,34,32,50,266,206,128,46,203,230,239,249,64,44,77,169,68,231,277,50,136,50,74,171,53,256,61,61,42,61
29,51,84,275,58,134,178,115,248,34,69,264,42,33,42,275,34,151,241,29,107,34,26,253,207,54,27,191,130,163,276,224,238,284,157,33,56,108,28,274,39,195,79,72,33,269,237,33,45,236,31,47,42,148,27,37,33,40,267,183,217,64,198,243,66,254,121,245,33,31,50,265,207,123,45,207,233,241,252,62,41,80,163,65,230,279,50,141,44,78,175,56,255,60,63,51,60
29.25,52,86,278,54,138,180,111,249,31,65,261,42,31,45,277,31,151,236,29,102,28,27,255,204,54,28,192,136,160,274,231,235,286,161,32,59,101,28,272,37,192,69,70,27,270,237,31,46,237,32,45,37,143,32,40,35,40,265,182,214,66,192,240,59,251,117,242,29,27,48,266,211,127,47,206,235,243,252,64,44,78,162,67,229,282,47,136,46,72,168,54,253,58,60,55,59
29.5,52,84,275,60,139,185,119,255,29,68,266,44,35,43,278,35,157,241,29,106,28,29,259,208,51,28,187,135,166,280,232,237,284,164,36,57,104,23,274,38,193,75,75,31,272,241,30,48,243,32,42,43,146,31,37,38,44,268,189,223,64,200,245,62,258,120,246,29,28,52,267,216,121,48,215,237,245,254,67,40,84,166,72,232,280,51,143,54,76,170,56,254,56,58,58,62
29.75,46,82,274,53,133,183,117,250,32,69,261,42,32,42,277,34,163,237,29,102,30,24,258,204,53,26,189,136,160,279,233,234,285,165,39,60,107,25,275,40,194,77,73,31,274,242,29,47,241,26,45,47,144,27,42,35,41,266,189,220,59,198,247,72,258,118,246,33,32,49,267,217,124,49,212,241,248,253,72,40,81,166,72,228,277,51,139,51,76,174,56,256,55,62,55,61
30,57,88,281,63,140,188,125,257,32,73,269,43,38,45,278,32,164,241,23,105,28,27,261,207,54,25,187,137,162,279,236,235,286,172,38,59,109,27,273,34,192,78,71,28,270,244,30,47,243,30,44,41,148,27,39,36,39,272,194,225,59,201,248,65,257,118,247,33,30,46,266,224,128,47,215,238,247,252,65,41,81,166,70,233,281,51,144,52,75,171,58,259,57,68,51,60
30.25,47,82,275,46,129,183,119,252,31,68,264,42,34,41,278,35,168,236,28,104,31,28,257,206,53,26,192,137,162,282,234,233,285,172,37,57,112,29,275,33,194,75,74,29,274,246,36,49,244,28,45,45,147,33,41,31,41,271,191,230,58,199,246,65,259,121,249,31,28,50,268,222,124,47,214,242,248,255,61,39,78,164,69,230,280,50,140,46,77,170,54,257,61,60,53,56
30.5,56,93,282,63,141,191,126,256,31,71,264,44,37,45,278,37,170,238,28,106,28,28,259,204,53,28,191,142,162,279,241,236,286,175,36,61,111,29,275,35,196,76,72,29,272,248,31,49,248,30,43,46,146,28,39,33,43,268,193,227,68,201,247,66,260,119,247,32,29,54,268,228,126,46,219,247,252,256,63,40,79,166,68,228,282,52,140,49,78,175,54,259,62,64,55,60
30.75,47,78,273,49,130,193,122,255,26,68,262,51,41,43,278,33,178,234,26,103,35,28,261,208,50,25,187,138,158,278,236,234,286,174,40,67,111,32,273,40,198,75,73,32,274,249,32,49,244,30,44,45,148,27,40,38,48,267,189,226,57,200,248,68,259,124,249,32,28,51,271,229,128,49,224,250,253,256,67,42,86,162,69,226,280,46,138,46,72,169,57,257,60,57,55,65
31,50,79,271,50,133,195,124,254,29,69,264,45,34,44,276,35,177,236,31,100,31,32,258,206,52,27,192,140,158,279,238,234,285,177,41,64,107,33,274,39,196,75,74,32,271,248,30,47,247,29,46,45,146,32,43,37,45,269,194,230,62,198,248,67,262,120,249,33,31,50,268,231,128,50,222,248,251,258,61,41,86,164,70,229,284,48,137,48,73,170,56,260,59,57,53,60
31.25,52,83,277,60,138,193,123,257,29,71,265,43,34,45,279,35,179,238,27,103,32,25,261,202,47,25,190,145,161,278,244,232,285,185,35,57,109,34,272,37,192,72,77,35,271,250,31,48,247,31,49,40,145,30,43,36,43,267,194,233,66,199,248,62,260,121,248,30,29,46,268,234,134,50,224,249,250,255,60,37,74,162,69,230,282,48,139,49,73,175,53,259,59,57,49,62
31.5,54,88,281,64,138,197,130,260,31,72,266,45,36,44,280,33,186,236,27,106,30,26,264,204,54,26,191,143,162,278,244,235,286,185,32,58,110,29,277,39,191,71,77,32,272,248,30,48,249,33,49,42,145,31,42,35,43,271,197,237,62,203,248,64,262,121,247,32,30,47,267,237,129,53,228,251,254,257,64,39,78,161,64,233,282,49,142,48,73,173,56,260,56,62,47,60
31.75,54,88,280,68,140,204,131,264,31,76,270,43,36,45,279,32,187,237,28,107,30,30,261,204,54,23,192,151,159,280,243,235,287,189,33,61,109,27,274,34,193,75,74,29,269,250,26,47,252,32,48,42,146,31,41,37,43,268,198,239,63,202,249,65,263,117,247,28,28,48,266,242,130,50,227,250,256,257,64,40,76,164,68,230,282,50,144,52,71,172,55,260,56,62,52,58
32,53,88,279,55,133,202,131,262,30,74,261,44,34,40,280,30,193,236,32,106,35,27,260,201,52,29,192,150,162,281,246,236,288,188,35,60,112,29,275,36,193,76,76,34,273,253,28,47,248,29,48,48,148,31,43,37,43,270,194,239,63,199,251,69,261,116,250,33,26,51,269,244,128,50,233,252,253,257,64,42,84,164,74,232,283,49,143,49,75,172,56,262,60,60,47,63
32.25,53,86,278,59,139,205,128,260,30,73,262,39,30,43,280,28,193,234,29,103,34,22,261,201,52,24,190,148,159,280,248,234,284,192,38,55,112,29,277,34,196,76,79,33,274,251,30,44,254,34,45,43,146,30,38,35,41,265,197,238,61,201,249,62,263,119,249,30,32,51,268,246,133,49,231,251,256,258,61,40,78,161,73,227,283,50,146,47,70,173,53,261,59,60,54,63
32.5,44,75,276,47,126,203,128,256,23,69,265,45,33,42,274,36,199,230,23,106,31,25,256,201,51,25,190,140,155,278,247,223,283,197,40,63,114,29,273,37,191,77,78,32,271,252,28,48,247,33,45,45,147,30,41,36,44,268,199,238,64,193,247,66,262,119,249,32,29,50,267,244,130,52,233,256,254,259,60,44,86,162,71,229,282,48,137,44,73,170,51,262,65,54,51,68
32.75,45,77,273,47,128,210,134,261,28,73,263,43,33,39,277,34,204,231,25,106,35,29,258,204,51,28,186,147,158,277,246,229,286,200,41,64,117,32,274,38,194,77,81,32,272,254,34,49,251,29,43,43,145,27,42,33,45,271,199,235,64,196,248,64,264,118,251,37,30,52,267,245,130,52,234,254,253,258,65,39,90,164,73,227,282,48,145,49,75,172,57,257,62,53,53,63
33,49,86,276,48,132,210,129,260,30,74,260,43,33,39,277,32,206,231,22,105,32,23,261,200,48,25,188,151,156,281,246,233,285,200,36,58,109,31,273,35,195,76,79,31,273,253,33,42,248,28,46,44,142,28,41,42,40,267,201,231,66,191,247,65,262,119,250,32,32,49,267,248,136,50,230,255,258,258,59,40,80,157,72,225,283,50,137,46,78,173,53,263,60,61,49,63
33.25,58,91,285,61,142,218,137,265,31,86,265,41,37,41,278,30,206,237,23,104,34,25,265,199,56,25,188,158,160,280,253,234,285,204,32,62,114,29,274,35,194,79,84,26,273,256,28,44,257,31,41,40,147,28,38,35,41,269,203,236,69,199,251,68,263,118,249,31,23,48,269,251,135,47,240,253,258,260,63,37,81,159,71,228,283,50,147,49,68,170,54,258,54,56,48,59
33.5,54,92,281,61,138,220,141,266,30,83,267,46,35,42,280,30,209,234,25,105,33,32,264,200,54,28,191,157,156,284,253,232,287,208,38,63,114,27,276,36,196,82,85,30,274,255,29,46,256,32,46,46,147,28,40,37,42,271,202,233,64,203,253,70,265,119,253,32,30,57,269,253,135,48,238,255,258,254,64,37,81,161,67,224,283,50,144,48,78,173,59,262,59,53,56,60
33.75,55,91,281,62,137,221,139,264,32,82,266,45,34,42,278,28,215,235,25,106,33,32,265,199,54,25,187,158,155,281,254,232,284,212,37,61,116,29,273,37,196,80,86,26,273,258,30,44,255,27,44,47,148,28,43,37,39,271,205,231,65,199,253,69,266,117,251,31,30,54,269,256,134,44,240,252,258,260,66,38,86,162,70,225,281,49,143,50,74,169,57,256,59,54,53,57
34,51,89,282,62,136,226,139,267,30,84,268,42,35,38,279,30,214,233,25,107,32,24,262,200,52,24,191,160,161,281,253,230,287,209,32,62,116,28,275,37,193,78,80,29,272,255,31,45,257,31,46,47,148,28,43,38,42,272,207,227,65,197,255,68,267,114,250,34,29,52,268,254,133,44,241,256,259,265,62,40,80,161,70,228,282,49,146,47,72,173,57,259,55,59,50,63
34.25,58,91,286,69,145,228,145,265,30,86,268,47,37,41,280,31,218,237,25,108,33,30,265,200,55,27,190,166,161,282,251,230,287,213,34,61,118,27,273,41,193,78,81,30,272,256,27,46,260,36,44,44,144,32,39,38,41,273,209,231,67,202,256,67,269,117,248,33,30,54,267,260,139,45,242,257,257,260,63,36,82,159,72,229,287,50,146,51,69,172,54,260,58,60,50,60
34.5,55,85,283,59,135,229,146,268,32,87,268,43,35,42,280,32,221,235,27,105,32,27,262,200,56,27,185,161,158,283,254,229,289,214,37,64,119,24,275,37,195,76,85,29,275,258,32,49,260,31,43,46,145,29,35,40,41,272,212,230,66,201,255,72,271,116,252,29,29,54,269,259,134,45,243,258,260,257,63,34,86,162,75,227,287,50,142,47,75,175,56,254,59,58,52,61
34.75,51,85,283,61,138,230,147,267,31,88,270,46,35,38,281,37,225,233,28,106,34,25,267,199,54,26,190,163,157,284,254,231,285,217,36,65,119,30,275,35,197,77,88,31,275,258,31,49,257,30,44,47,145,35,32,39,44,277,216,231,63,202,255,71,268,117,253,33,28,52,271,261,134,48,245,258,260,260,64,42,85,160,72,231,284,45,148,49,72,172,56,255,58,58,52,60
35,53,87,283,63,139,233,150,265,31,86,266,43,34,42,281,32,224,230,29,108,35,28,265,200,54,22,190,172,157,283,258,231,286,222,36,62,118,28,276,34,195,77,86,31,273,257,31,47,259,31,47,47,150,32,37,38,41,272,212,231,67,197,253,71,266,118,250,35,26,56,271,259,139,45,246,255,261,260,62,41,82,158,74,227,282,49,148,51,70,175,56,254,60,58,54,60
35.25,39,74,275,41,126,227,143,262,24,82,262,38,31,36,281,32,225,227,25,101,33,22,261,199,50,25,188,159,154,279,253,229,285,219,40,60,115,31,271,32,195,75,85,30,273,262,26,50,252,28,46,48,145,32,37,37,41,271,212,224,61,193,250,67,265,116,251,27,28,58,270,256,132,50,247,260,258,259,61,39,87,164,72,224,279,44,140,44,71,172,56,251,58,53,47,66
35.5,45,80,277,48,128,235,146,262,31,84,263,45,35,35,278,34,234,228,28,110,34,28,261,200,53,28,186,165,150,281,254,229,286,220,39,64,119,30,273,36,193,77,88,34,274,260,32,52,258,32,49,46,145,30,39,36,42,271,212,228,64,198,251,67,267,120,252,33,33,60,272,258,138,47,247,260,263,258,63,39,88,162,78,221,286,47,145,46,76,175,58,251,64,57,52,68
35.75,58,91,287,69,142,241,155,267,33,96,269,43,39,44,279,31,234,235,30,109,34,26,267,205,58,25,192,178,161,283,258,231,287,223,40,61,121,26,275,36,194,80,88,33,276,262,34,49,259,33,45,46,146,30,41,42,44,273,220,228,71,201,256,70,267,118,254,31,28,57,270,263,143,49,247,259,260,265,63,37,82,159,78,226,286,49,148,52,74,174,54,247,57,58,54,64
36,52,92,288,60,135,237,153,269,31,93,268,40,36,44,280,32,234,233,31,109,37,28,265,200,54,23,192,180,161,282,257,229,289,223,38,61,121,28,271,38,191,79,88,31,275,260,33,48,256,32,50,50,148,32,40,43,44,272,221,223,68,196,249,70,264,116,252,33,33,60,275,265,145,51,244,261,265,264,60,39,83,157,74,224,285,50,148,47,77,171,53,250,59,60,50,65
36.25,47,81,280,44,126,238,152,267,29,96,265,41,31,36,281,31,236,231,31,109,30,29,266,199,51,28,189,163,156,283,257,228,286,223,44,63,123,34,272,37,199,77,90,37,272,257,32,48,255,28,47,46,152,33,43,39,44,276,219,223,64,188,252,72,264,122,251,34,32,58,268,260,140,54,244,261,260,261,62,38,87,160,75,225,283,47,142,44,72,172,56,248,65,58,50,67
36.5,42,78,278,49,127,241,156,265,28,94,265,42,32,42,279,35,238,228,25,104,32,27,262,203,56,30,193,175,156,283,256,226,287,227,40,57,124,33,274,40,199,78,93,32,273,261,33,50,258,31,49,47,146,30,44,34,43,272,220,223,70,194,254,71,263,115,252,29,31,57,271,260,141,50,249,261,264,259,60,45,89,158,76,224,289,44,146,44,75,171,60,245,63,59,51,68
36.75,56,87,283,60,133,244,156,270,32,98,267,41,35,40,279,37,239,230,28,105,31,27,267,197,54,23,189,187,156,284,260,227,286,226,35,61,122,29,272,37,196,80,92,34,273,261,35,45,257,26,47,45,152,27,40,43,41,271,224,225,66,195,249,65,264,115,252,30,31,62,274,265,150,47,247,259,268,263,62,41,84,160,77,226,286,50,149,48,76,173,55,247,57,58,50,66
37,44,82,280,48,129,247,156,267,32,100,264,43,30,37,283,31,240,229,28,107,29,29,263,206,50,22,189,175,155,282,259,226,287,229,45,64,122,34,276,36,193,80,94,32,277,262,29,48,260,31,46,49,146,31,38,40,46,274,225,225,65,196,255,73,264,116,252,27,30,59,271,262,142,45,248,258,265,260,64,41,92,159,81,224,282,50,146,45,77,171,59,246,63,57,51,70
37.25,54,88,284,60,135,248,160,269,30,103,267,41,36,42,281,32,244,232,29,101,32,27,264,198,52,23,189,191,160,283,260,229,286,232,32,57,126,27,273,36,196,84,92,31,276,260,32,48,261,31,46,50,149,33,38,42,43,275,227,223,67,192,252,71,265,115,253,31,30,58,271,266,150,48,248,261,266,263,61,40,84,160,77,225,285,49,150,46,75,172,58,243,62,59,51,62
37.5,45,79,278,43,124,247,158,266,27,106,262,43,29,37,284,34,243,225,26,103,37,24,265,201,50,24,187,178,149,283,260,230,285,232,40,61,122,31,273,33,199,79,93,32,282,264,31,46,259,26,49,49,144,30,43,37,42,276,224,222,64,192,252,69,265,115,251,29,29,60,274,261,145,49,249,263,266,260,64,38,93,160,77,222,286,53,146,46,72,172,57,242,62,56,48,70
37.75,45,82,280,46,128,250,161,263,29,110,265,43,31,38,283,36,242,227,23,105,29,30,263,202,50,28,184,181,152,283,258,228,284,231,41,62,130,30,273,36,198,77,93,29,277,264,27,47,258,32,48,49,145,33,41,39,42,273,229,219,66,193,252,73,262,120,255,33,28,59,271,261,149,53,254,260,261,261,61,43,93,157,79,226,284,51,149,48,77,173,61,241,60,56,54,66
38,39,77,281,46,127,253,165,268,31,108,265,47,39,40,285,36,250,232,27,104,34,29,266,204,56,28,186,181,155,286,257,230,287,234,41,60,133,34,278,40,198,84,94,32,280,265,33,52,261,32,49,51,151,30,43,40,44,280,231,222,65,193,256,71,266,120,257,34,34,63,272,265,151,50,256,262,266,267,67,45,93,163,81,222,286,46,150,48,70,171,58,241,68,63,52,70
38.25,49,80,284,53,131,257,171,268,32,114,269,45,36,38,286,30,253,229,28,106,34,31,265,205,52,22,189,184,155,288,263,226,285,240,42,65,130,31,277,36,198,85,98,33,279,266,32,49,263,32,45,46,147,30,40,38,44,278,232,224,63,200,255,72,263,120,253,31,28,62,274,267,150,50,256,263,268,263,63,41,97,160,83,224,287,49,150,49,70,174,60,241,62,59,55,67
38.5,47,82,281,52,127,256,167,268,27,117,266,44,35,37,282,35,251,228,24,105,29,30,263,202,51,29,184,185,153,283,259,223,284,238,42,69,131,29,274,39,191,85,94,31,280,267,30,53,257,28,48,43,145,29,39,43,41,276,233,224,64,193,253,72,263,116,254,36,32,63,274,265,152,48,253,262,264,261,60,38,90,157,81,224,282,41,147,41,73,170,58,242,63,55,51,71
38.75,55,86,289,57,139,261,174,269,33,122,271,41,38,41,286,29,254,229,27,110,34,33,270,205,54,27,190,197,156,289,263,232,286,240,36,63,131,26,279,38,195,83,97,34,282,266,35,47,260,35,46,48,150,31,40,48,41,275,235,225,64,198,258,72,262,118,257,32,28,65,272,267,156,46,254,261,268,264,65,45,93,160,78,222,282,50,154,46,74,175,55,242,64,60,50,71
39,60,92,288,61,138,263,169,269,28,122,271,38,37,46,286,30,255,226,27,105,33,28,267,200,54,26,187,207,159,285,263,228,284,239,37,62,129,27,271,36,197,84,98,32,280,259,32,46,260,35,47,44,145,30,39,43,43,275,239,221,67,197,258,66,262,118,254,33,29,62,271,264,159,46,250,265,266,266,60,40,84,158,80,228,285,53,149,44,72,174,56,244,59,58,46,67
39.25,59,89,287,66,140,263,170,269,27,126,269,44,37,43,285,31,254,229,30,107,30,30,266,198,56,26,191,205,160,289,262,230,283,241,40,60,130,27,276,34,197,84,101,32,277,263,28,50,262,31,48,46,149,29,39,44,41,272,240,223,72,196,256,73,264,117,255,32,25,67,273,264,158,50,252,263,268,262,65,41,89,158,83,225,280,49,150,52,76,177,59,241,61,58,54,69
39.5,52,84,284,55,132,263,162,271,28,129,268,42,31,41,283,31,253,227,27,105,29,23,268,198,52,21,188,207,155,289,263,227,280,243,36,60,128,28,274,35,194,80,99,30,276,262,28,48,259,29,45,46,144,31,40,42,41,271,240,221,69,197,254,70,260,116,257,28,28,63,272,265,158,45,250,262,267,262,62,39,90,156,79,224,276,46,149,47,74,174,55,240,61,56,41,64
39.75,46,85,280,48,133,264,166,268,31,126,264,43,31,35,287,32,256,228,26,102,34,29,265,202,49,25,187,197,151,284,260,223,284,242,42,59,135,29,273,36,191,82,98,29,276,265,31,47,260,28,46,46,144,31,42,42,43,275,237,221,62,192,257,66,265,114,255,29,27,65,272,266,158,46,255,263,270,263,63,45,93,161,80,223,273,48,152,44,68,174,60,241,62,60,51,70
40,38,79,283,40,127,260,160,265,26,130,263,37,29,35,284,37,254,223,25,106,33,26,264,201,47,30,184,194,148,286,261,224,280,242,40,61,129,37,273,34,193,79,99,35,280,263,30,47,256,34,46,48,146,30,41,38,42,275,238,220,65,188,253,69,261,113,256,30,30,65,271,260,155,49,251,262,267,262,64,38,92,164,76,223,273,45,147,39,74,170,58,237,62,55,51,73
40.25,46,82,286,44,129,264,161,268,30,133,264,38,32,36,285,33,252,227,28,108,36,20,265,200,49,27,187,206,153,285,261,229,279,244,39,60,132,27,271,36,193,84,101,30,282,263,32,47,256,35,47,48,147,32,40,41,41,274,237,220,66,191,258,73,262,118,256,31,29,65,274,265,167,47,252,263,268,265,60,42,85,160,81,226,272,45,149,44,72,176,60,237,59,61,48,65
40.5,47,78,285,51,129,268,165,268,28,132,267,51,34,35,287,34,258,228,31,105,31,26,263,203,52,30,183,197,152,288,260,224,282,246,40,70,135,30,273,35,198,84,105,30,278,265,32,52,262,28,43,51,149,29,39,43,42,276,240,221,67,195,256,74,261,119,253,35,27,65,274,267,163,46,258,264,268,263,63,41,97,163,84,223,274,40,152,44,75,173,59,238,63,57,51,69
40.75,56,93,292,63,141,273,166,272,31,139,266,41,37,41,289,30,260,230,26,107,31,29,270,200,54,25,189,217,155,289,261,228,281,246,38,60,131,28,275,36,194,85,101,28,281,266,28,52,263,32,45,47,144,31,45,41,41,274,242,220,68,193,259,73,263,116,255,30,27,66,272,267,172,45,255,264,271,268,64,36,93,161,83,223,278,51,153,48,70,175,57,240,59,62,54,70
41,50,90,288,58,135,267,164,271,31,139,266,41,32,38,286,31,257,229,31,105,35,31,267,199,54,25,191,219,152,286,263,228,280,246,39,62,133,28,270,36,193,81,106,32,278,263,29,47,260,29,50,46,148,30,42,44,42,273,242,222,70,194,256,76,259,114,256,33,28,68,274,271,169,47,255,262,269,265,60,41,92,161,83,223,276,47,148,51,78,174,58,239,59,64,49,66
41.25,43,79,282,47,127,270,161,267,29,136,262,45,29,32,289,33,255,224,25,108,34,26,267,201,49,31,190,201,154,286,262,224,281,245,43,64,138,34,272,36,194,84,106,32,278,266,27,51,257,29,46,46,147,29,42,42,42,274,244,217,66,194,254,68,262,118,257,30,26,67,274,264,164,53,255,267,270,263,63,38,95,161,81,219,270,42,146,46,69,172,61,235,64,56,46,66
41.5,47,77,284,52,128,275,161,269,34,140,264,47,35,38,292,34,261,226,26,106,38,34,267,199,54,28,187,207,149,290,265,224,280,251,44,65,135,34,274,40,197,90,111,32,282,270,35,54,264,32,46,50,151,30,41,46,45,276,243,222,62,194,261,72,262,118,259,34,30,70,276,268,165,51,257,270,273,265,62,40,99,164,82,224,273,50,159,47,73,171,61,236,64,58,53,73
41.75,54,89,290,61,136,272,160,269,28,142,264,41,31,38,287,29,260,231,27,107,33,19,270,200,51,26,188,220,155,289,264,223,277,250,36,55,134,29,269,34,191,83,109,28,279,264,27,47,263,33,43,42,147,25,38,45,34,273,244,218,72,189,258,67,259,115,257,27,26,66,274,270,173,41,258,264,273,265,60,35,85,161,77,221,271,45,149,51,75,176,56,235,52,58,44,67
42,56,90,292,65,141,276,163,272,34,147,264,45,33,34,289,30,263,230,28,107,31,25,267,202,57,26,189,217,156,291,266,228,277,252,35,60,138,33,273,34,191,87,108,32,280,266,29,48,262,30,39,44,147,30,39,47,35,275,245,222,69,194,260,73,260,114,259,30,27,72,273,268,174,42,257,266,272,265,63,37,94,159,83,224,271,48,156,55,71,176,61,234,53,62,44,68
42.25,60,91,293,61,139,281,162,272,31,147,262,45,33,37,287,29,264,231,30,106,37,27,269,201,50,24,187,221,153,292,266,222,276,251,39,60,142,30,269,36,196,83,112,31,280,267,27,45,263,32,45,41,146,27,38,48,37,274,244,220,69,193,260,70,257,113,255,26,27,65,275,268,174,44,257,265,270,264,57,35,90,158,80,225,269,48,152,52,71,175,59,236,59,58,43,70
42.5,57,96,293,64,142,279,168,273,31,160,264,47,38,38,289,34,266,231,30,111,37,32,271,205,59,30,189,227,159,291,268,228,276,250,41,66,149,34,274,41,195,92,114,33,282,267,31,50,265,32,47,49,150,28,40,50,43,281,247,222,72,197,265,74,258,119,262,34,27,71,273,273,177,44,258,269,273,268,59,43,95,161,84,226,270,49,160,55,75,178,60,237,60,61,52,73
42.75,40,76,284,46,121,272,155,267,29,152,252,37,32,36,287,37,260,221,26,103,31,32,267,196,50,25,182,212,150,287,262,225,278,249,41,60,140,33,270,36,195,80,107,34,282,268,28,52,258,30,45,49,149,28,37,46,41,277,240,217,64,191,257,66,257,114,256,26,30,69,274,267,169,50,258,264,272,266,65,38,98,161,81,220,268,45,150,44,69,177,62,235,62,54,49,73
43,56,92,294,60,136,281,162,273,35,159,261,43,34,41,290,37,266,229,32,110,38,31,271,199,55,29,188,230,158,294,271,228,276,251,38,66,144,32,275,37,196,90,116,32,285,268,33,53,267,33,51,47,150,31,40,52,46,279,248,221,70,193,264,75,261,120,259,33,32,71,278,272,175,49,259,272,277,269,62,42,94,167,85,226,270,51,159,50,77,181,65,235,59,59,49,68
43.25,46,84,287,48,129,280,159,269,30,161,256,42,35,36,288,38,268,228,25,107,34,33,270,206,52,29,188,215,150,290,270,228,278,250,44,62,143,35,273,40,196,88,114,31,282,272,32,53,263,33,44,50,148,30,43,51,44,279,243,218,68,192,260,71,260,121,260,31,31,72,278,268,176,50,257,267,271,266,65,45,100,164,83,218,270,48,155,42,76,173,61,235,65,60,48,71
43.5,58,93,297,63,137,284,164,275,33,165,260,43,38,44,288,32,269,231,29,110,34,27,272,201,60,29,191,235,154,295,269,228,274,253,41,63,143,28,274,34,191,93,116,32,281,272,34,53,268,31,49,51,148,30,41,47,43,280,247,219,71,198,259,76,262,116,261,30,29,72,276,272,181,46,259,269,276,271,56,39,94,158,86,223,270,49,157,51,71,176,62,234,62,59,51,67
43.75,63,98,299,71,146,287,166,273,33,171,261,44,38,40,287,31,264,230,28,112,36,34,275,202,59,27,189,237,157,294,270,223,275,254,36,60,144,30,273,36,192,92,117,32,283,270,30,55,267,35,47,46,151,34,41,55,42,280,246,220,72,196,263,72,260,113,260,34,32,75,276,274,186,48,261,275,275,269,62,37,96,165,86,223,270,49,155,52,74,176,56,234,62,62,49,71
44,61,97,298,69,141,284,165,276,35,174,259,47,36,43,290,34,269,232,32,119,38,33,273,204,60,29,190,235,157,292,271,229,273,254,41,67,149,33,274,36,197,92,117,36,280,272,36,52,268,37,55,48,147,33,40,56,40,279,249,224,71,202,265,78,262,118,264,38,29,80,278,276,182,49,261,272,276,271,69,43,100,164,85,225,270,50,158,51,76,181,63,234,60,67,49,71
44.25,59,91,299,67,141,287,162,273,34,173,257,46,36,39,288,31,268,230,29,114,34,31,273,202,54,25,188,234,152,294,270,225,272,251,39,62,149,30,274,34,192,89,119,32,283,272,29,49,266,35,48,46,144,33,41,51,41,277,245,220,69,195,262,74,258,120,260,31,29,74,278,270,186,47,260,270,276,269,59,43,95,163,84,224,267,46,153,49,72,175,60,232,61,60,49,70
44.5,42,81,287,44,127,278,156,269,34,172,248,44,33,38,287,37,261,221,34,110,36,28,268,201,48,30,189,226,152,291,265,225,272,252,40,65,149,36,274,39,196,85,115,36,283,270,33,54,262,33,50,55,144,31,51,51,45,281,242,220,65,192,261,75,256,120,262,32,35,80,277,273,179,51,261,272,273,265,67,47,101,160,86,222,268,45,156,47,72,176,59,229,63,60,55,70
44.75,55,90,300,63,140,287,161,275,36,179,256,45,35,38,287,36,266,228,29,111,36,29,275,199,53,27,188,240,154,292,271,226,270,255,39,61,150,27,271,37,196,90,122,26,282,271,31,51,266,34,49,52,147,29,41,54,42,277,245,217,72,199,264,73,259,113,265,29,28,77,276,275,185,47,259,272,276,271,62,38,98,165,89,226,267,44,158,51,71,178,61,231,59,63,51,68
45,59,96,299,68,146,289,160,275,34,185,257,47,35,40,289,31,268,231,27,109,35,27,276,199,59,27,190,239,160,293,272,227,271,257,39,65,150,28,271,39,193,92,121,30,282,271,30,50,267,32,48,45,146,29,42,53,43,278,246,219,73,194,262,73,261,119,261,30,30,79,282,275,187,52,262,272,280,267,63,42,99,165,84,220,268,50,160,52,72,177,61,232,62,55,52,75
45.25,54,89,295,60,131,287,159,273,30,183,254,41,36,41,292,36,266,229,31,106,36,31,273,197,57,30,184,236,152,295,268,222,270,253,41,63,151,33,268,36,189,90,124,31,283,271,33,48,265,31,49,45,146,28,40,51,43,279,245,223,69,196,266,77,260,116,261,30,30,78,276,274,186,46,259,272,274,267,59,41,100,159,86,225,266,45,160,51,74,179,62,232,61,64,49,71
45.5,62,94,299,67,143,289,164,276,36,184,259,50,37,42,290,35,266,227,29,108,35,28,274,201,58,25,190,240,156,294,272,225,272,256,50,60,155,31,270,38,190,94,121,31,281,274,30,51,270,34,46,50,147,37,47,56,44,282,248,221,69,196,268,78,261,119,263,33,32,86,277,276,186,44,264,271,277,272,62,40,103,157,91,225,265,51,161,48,76,178,64,232,62,66,52,72
45.75,47,83,293,46,124,286,154,271,33,183,252,44,39,32,295,39,265,222,25,106,36,30,272,203,47,32,186,225,148,292,269,225,268,255,43,66,155,35,268,36,192,87,120,35,282,276,30,53,267,27,46,49,148,33,43,56,45,280,245,219,71,195,265,78,259,117,266,29,33,85,279,273,183,51,262,274,275,270,64,43,105,163,92,221,266,48,154,45,74,180,62,230,64,60,50,72
46,60,92,303,64,143,288,163,275,35,192,255,48,37,41,293,35,267,227,31,105,35,31,275,201,55,28,187,247,156,296,276,226,270,258,40,67,154,30,269,42,192,90,125,35,284,273,34,48,269,36,49,51,147,30,39,58,44,277,250,224,73,200,267,80,259,114,265,31,30,82,278,275,193,46,264,274,279,271,63,40,100,163,89,223,269,50,160,54,72,179,57,230,63,62,53,73
46.25,47,82,293,53,129,289,155,268,30,189,250,46,35,36,293,37,265,226,29,109,34,32,270,201,54,31,188,229,151,293,271,224,268,253,44,61,155,38,269,34,192,90,125,33,282,277,33,55,270,37,46,49,145,30,42,52,46,281,249,218,67,196,267,76,258,119,262,33,35,90,273,276,187,52,262,272,277,270,65,42,103,162,91,219,262,46,157,47,76,174,66,232,67,63,47,76
46.5,44,83,293,48,124,284,152,268,29,190,247,44,33,35,290,33,262,217,26,106,35,29,269,200,52,30,187,235,147,291,268,223,268,254,40,65,153,33,262,35,191,92,122,31,280,274,32,52,263,30,45,53,144,28,39,51,41,277,242,217,70,188,264,73,256,118,261,37,30,85,275,270,187,50,258,275,275,266,66,43,102,159,85,219,260,49,155,45,72,172,65,229,64,56,50,73
46.75,57,90,300,67,138,291,158,275,35,199,254,43,39,46,290,32,264,230,26,110,35,28,277,198,53,25,189,253,150,294,272,224,267,259,39,62,157,32,263,30,190,93,124,27,279,273,27,50,268,34,47,49,145,29,39,57,42,275,245,216,70,195,267,74,260,118,259,30,25,87,274,277,197,48,259,273,276,265,64,40,97,161,92,223,265,44,163,48,77,179,61,227,65,61,49,69
47,51,82,298,56,133,287,157,274,31,199,250,45,39,39,293,36,265,227,28,105,37,35,271,203,56,26,189,237,150,290,272,223,269,256,45,67,160,36,265,37,191,94,125,37,284,279,30,57,267,33,49,49,150,31,46,56,44,280,244,218,66,194,266,80,256,117,263,35,33,89,275,276,191,50,262,274,276,268,60,41,104,164,92,221,265,46,159,47,72,177,60,227,66,61,52,78
47.25,47,86,295,52,129,286,155,272,31,200,248,42,34,36,291,37,257,223,32,112,33,34,273,200,56,25,185,239,144,293,272,222,269,255,46,68,162,40,264,35,191,96,126,35,287,275,29,55,266,30,50,54,146,33,44,58,42,280,245,216,69,189,264,80,255,118,261,37,36,87,278,274,193,48,261,275,276,271,62,44,102,159,88,219,262,46,155,45,75,176,65,224,66,62,48,75
47.5,0,0,0,0,0,0,0,0,0,0,0,0,0,0,0,0,0,0,0,0,0,0,0,0,0,0,0,0,0,0,0,0,0,0,0,0,0,0,0,0,0,0,0,0,0,0,0,0,0,0,0,0,0,0,0,0,0,0,0,0,0,0,0,0,0,0,0,0,0,0,0,0,0,0,0,0,0,0,0,0,0,0,0,0,0,0,0,0,0,0,0,0,0,0,0,0